Date,Open Price,High Price,Low Price,Close Price,WAP,No.of Shares,No. of Trades,Total Turnover (Rs.),Deliverable Quantity,% Deli. Qty to Traded Qty,Spread High-Low,Spread Close-Open
30-April-2021,904.00,920.60,901.20,911.30,911.434924292890193183,277715,6152,253119150.00,59418,21.40,19.40,7.30
29-April-2021,911.05,917.20,904.05,906.50,910.324531876986552073,309267,9093,281533337.00,93770,30.32,13.15,-4.55
28-April-2021,918.25,918.25,903.00,910.45,910.167794954923832238,301046,7327,274002374.00,54208,18.01,15.25,-7.80
27-April-2021,915.00,919.80,901.05,912.25,909.411157277056100872,270281,6786,245796557.00,39172,14.49,18.75,-2.75
26-April-2021,935.50,940.00,870.00,900.40,911.454074315048173223,488757,11356,445479559.00,123717,25.31,70.00,-35.10
23-April-2021,945.95,953.05,923.00,935.50,934.177002194305296930,457548,11795,427430819.00,77694,16.98,30.05,-10.45
22-April-2021,959.45,963.35,939.00,944.35,952.899754702674060607,437836,11109,417213817.00,80252,18.33,24.35,-15.10
20-April-2021,960.00,966.00,941.05,949.30,951.621722113186299335,618043,14886,588143144.00,106620,17.25,24.95,-10.70
19-April-2021,943.00,954.20,924.25,946.60,945.602100005287335587,964569,23965,912098472.00,185216,19.20,29.95,3.60
16-April-2021,920.00,944.40,910.20,938.70,929.485303872760650477,453759,12197,421762322.00,82291,18.14,34.20,18.70
15-April-2021,900.00,925.15,882.60,914.20,911.834930913305369038,564291,13382,514540245.00,53429,9.47,42.55,14.20
13-April-2021,928.00,932.40,878.25,885.20,899.989177743977051303,645614,15433,581045613.00,106461,16.49,54.15,-42.80
12-April-2021,893.00,940.00,879.85,903.00,914.812066467136729730,1275999,28505,1167299282.00,116202,9.11,60.15,10.00
9-April-2021,843.00,892.00,836.75,882.30,874.567674263155789918,350074,8969,306163404.00,86486,24.70,55.25,39.30
8-April-2021,843.50,850.05,840.10,841.75,841.800860597610519483,291193,3695,245126518.00,243113,83.49,9.95,-1.75
7-April-2021,836.20,844.70,828.75,840.60,838.979307215247315080,165275,9915,138662305.00,82767,50.08,15.95,4.40
6-April-2021,825.00,839.85,823.00,836.20,833.230520030092157231,212680,5541,177211467.00,53308,25.06,16.85,11.20
5-April-2021,822.00,826.90,806.20,819.35,815.875411739465148857,79237,2382,64647520.00,14408,18.18,20.70,-2.65
1-April-2021,822.00,823.80,811.80,818.30,818.700826504496466223,85178,4438,69735299.00,36073,42.35,12.00,-3.70
31-March-2021,812.20,823.65,805.30,815.25,817.145907284768211920,151000,5754,123389032.00,64793,42.91,18.35,3.05
30-March-2021,788.00,815.60,788.00,812.45,807.276446310911592209,234787,7125,189538015.00,109950,46.83,27.60,24.45
26-March-2021,790.00,796.95,781.50,787.85,789.600377905040953585,120136,3503,94859431.00,26065,21.70,15.45,-2.15
25-March-2021,795.30,802.15,783.75,787.45,792.388439815693017506,163423,5895,129494496.00,39971,24.46,18.40,-7.85
24-March-2021,774.00,798.70,774.00,792.65,788.936636327168605535,289172,6774,228138385.00,91219,31.54,24.70,18.65
23-March-2021,779.00,779.00,768.40,776.30,772.713922946698814959,116958,1669,90375075.00,11989,10.25,10.60,-2.70
22-March-2021,763.00,781.80,760.00,772.80,774.601781036271251999,113754,2535,88114051.00,18774,16.50,21.80,9.80
19-March-2021,753.00,767.10,738.25,760.50,756.408263799883166365,114693,2687,86754733.00,18009,15.70,28.85,7.50
18-March-2021,778.45,778.45,751.00,754.90,762.996048208172772584,162711,6121,124147850.00,47380,29.12,27.45,-23.55
17-March-2021,793.00,795.60,770.05,772.85,780.054758226541050659,124931,5362,97453021.00,40634,32.53,25.55,-20.15
16-March-2021,801.00,808.35,787.15,792.60,796.094436613879446148,72366,2092,57610170.00,23061,31.87,21.20,-8.40
15-March-2021,800.00,808.00,790.25,805.30,799.704060678718530036,84247,3124,67372668.00,28433,33.75,17.75,5.30
12-March-2021,812.30,817.60,802.05,806.20,811.802806508051750199,84019,1923,68206860.00,17980,21.40,15.55,-6.10
10-March-2021,803.10,814.45,802.95,812.20,807.978727822446674197,120392,3380,97274175.00,44519,36.98,11.50,9.10
9-March-2021,809.00,816.55,792.50,797.70,801.014809016906700062,95820,2353,76753239.00,32530,33.95,24.05,-11.30
8-March-2021,806.20,819.00,806.00,808.20,813.576248371925732565,183499,5297,149290428.00,57079,31.11,13.00,2.00
5-March-2021,806.20,811.75,800.75,805.45,806.808116538572852686,62194,1705,50178624.00,14334,23.05,11.00,-0.75
4-March-2021,810.00,817.60,804.25,806.20,808.883704651094327032,305713,3481,247286264.00,43597,14.26,13.35,-3.80
3-March-2021,816.00,818.00,807.85,812.30,812.468606290787730200,141127,4091,114661257.00,46780,33.15,10.15,-3.70
2-March-2021,795.00,814.90,790.55,812.10,803.101657911964342207,319257,5369,256395826.00,158963,49.79,24.35,17.10
1-March-2021,807.70,807.70,782.05,789.50,791.357663614784672770,117960,2992,93348550.00,23000,19.50,25.65,-18.20
26-February-2021,806.70,820.35,780.20,786.55,803.513589413339394398,395970,7247,318167276.00,74103,18.71,40.15,-20.15
25-February-2021,792.35,815.00,790.35,809.10,802.302905531652296141,583370,8199,468039446.00,241551,41.41,24.65,16.75
24-February-2021,795.00,798.15,740.00,789.55,773.984273531990205481,727754,15674,563270151.00,369948,50.83,58.15,-5.45
23-February-2021,793.15,803.00,788.60,790.90,795.848400602087565904,121577,4144,96756861.00,29402,24.18,14.40,-2.25
22-February-2021,807.55,817.40,786.35,793.15,806.270642284155555156,167169,3729,134783457.00,37646,22.52,31.05,-14.40
19-February-2021,829.90,829.90,799.35,807.30,812.023744566532342168,119859,3071,97328354.00,25640,21.39,30.55,-22.60
18-February-2021,834.05,843.45,822.55,824.90,832.134782490075981829,146614,4395,122002609.00,41787,28.50,20.90,-9.15
17-February-2021,850.00,853.95,832.60,835.80,841.381349911190053285,78820,1912,66317678.00,17936,22.76,21.35,-14.20
16-February-2021,842.00,852.00,841.75,848.25,847.224242373881322553,120343,2955,101957507.00,26234,21.80,10.25,6.25
15-February-2021,852.90,856.25,842.50,844.45,848.980926890860913019,112462,3101,95478093.00,25804,22.94,13.75,-8.45
12-February-2021,859.80,864.15,845.50,849.30,854.077263686137799675,142279,2556,121517259.00,23659,16.63,18.65,-10.50
11-February-2021,866.00,874.55,856.60,859.80,862.096881712815428557,211815,5355,182605051.00,35093,16.57,17.95,-6.20
10-February-2021,849.40,866.85,841.30,863.55,855.016504939626783754,227750,6861,194730009.00,90483,39.73,25.55,14.15
9-February-2021,848.00,856.80,839.00,842.50,846.999100949659134887,167955,4504,142257734.00,43208,25.73,17.80,-5.50
8-February-2021,848.10,859.25,841.55,847.55,851.628938227220832219,164668,3412,140236034.00,21541,13.08,17.70,-0.55
5-February-2021,842.70,854.55,831.35,847.60,845.401466208085480443,234346,6220,198116452.00,37057,15.81,23.20,4.90
4-February-2021,842.00,856.05,832.40,834.45,845.219971817359665173,190188,3859,160750696.00,25445,13.38,23.65,-7.55
3-February-2021,826.90,878.55,824.30,849.10,857.272979087054471145,640082,18820,548725003.00,162363,25.37,54.25,22.20
2-February-2021,810.00,826.90,801.95,821.95,813.308037934581922482,293558,7596,238753081.00,104110,35.46,24.95,11.95
1-February-2021,818.50,830.95,785.55,805.55,813.740242964961263349,349927,12337,284749682.00,76128,21.76,45.40,-12.95
29-January-2021,845.10,850.05,821.15,825.60,836.529413147747578293,212660,5687,177896345.00,28767,13.53,28.90,-19.50
28-January-2021,834.00,848.70,826.00,841.55,839.040531434259897388,130590,3849,109570303.00,15114,11.57,22.70,7.55
27-January-2021,842.90,855.95,825.55,842.10,844.252825732628147556,300630,10397,253807727.00,73399,24.42,30.40,-0.80
25-January-2021,808.55,857.00,808.55,837.10,838.320471490235141416,331290,9332,277727189.00,54909,16.57,48.45,28.55
22-January-2021,818.20,822.40,798.50,808.05,810.899824191891938937,114898,4827,93170768.00,23037,20.05,23.90,-10.15
21-January-2021,838.00,839.20,809.25,813.00,824.022883317354715629,103263,2906,85091075.00,21443,20.77,29.95,-25.00
20-January-2021,823.90,834.55,822.50,832.60,828.165190747163204148,59398,2369,49191356.00,11960,20.14,12.05,8.70
19-January-2021,804.50,824.95,803.00,822.35,815.195750274682153508,101936,3247,83097794.00,14143,13.87,21.95,17.85
18-January-2021,823.70,826.75,796.35,801.30,808.151701611858541369,108074,2967,87340187.00,21419,19.82,30.40,-22.40
15-January-2021,841.45,845.10,821.00,823.55,831.825842894969108561,84975,2361,70684401.00,19269,22.68,24.10,-17.90
14-January-2021,840.10,847.65,829.30,840.50,837.276023268945412524,76153,1819,63761081.00,16711,21.94,18.35,0.40
13-January-2021,845.00,851.95,832.55,841.40,843.716600979555264958,165177,4973,139362577.00,42945,26.00,19.40,-3.60
12-January-2021,859.50,869.65,841.00,843.15,852.774051799061359290,143825,3438,122650228.00,30247,21.03,28.65,-16.35
11-January-2021,839.50,860.00,832.60,856.55,848.132115762854734475,177950,4624,150925110.00,44395,24.95,27.40,17.05
8-January-2021,826.00,846.00,826.00,838.35,837.928912363067292644,178920,4231,149922241.00,51095,28.56,20.00,12.35
7-January-2021,829.50,829.50,817.85,826.35,823.923573528621544649,130269,4226,107331700.00,34276,26.31,11.65,-3.15
6-January-2021,830.00,834.15,815.35,825.00,827.316445368191421749,116434,2101,96327763.00,21543,18.50,18.80,-5.00
5-January-2021,832.00,843.50,825.00,827.20,832.440698528540625074,211015,5906,175657474.00,60175,28.52,18.50,-4.80
4-January-2021,829.20,837.00,826.90,832.25,831.926306200461437608,117459,2615,97717232.00,22175,18.88,10.10,3.05
1-January-2021,823.35,828.85,821.00,826.45,826.173779563371740448,52768,1609,43595538.00,11481,21.76,7.85,3.10
31-December-2020,831.00,833.25,817.05,819.85,824.304183409873708381,139360,3237,114875031.00,30898,22.17,16.20,-11.15
30-December-2020,834.55,834.55,816.30,823.65,821.448136132552733962,80451,1909,66086324.00,22471,27.93,18.25,-10.90
29-December-2020,831.00,835.55,818.00,827.65,826.864050897201047883,101538,2450,83958122.00,26541,26.14,17.55,-3.35
28-December-2020,836.00,838.95,825.35,830.05,833.354121002012972489,178840,5655,149037051.00,71527,39.99,13.60,-5.95
24-December-2020,830.05,835.00,815.50,833.45,825.933035993936280835,239457,5404,197775447.00,54778,22.88,19.50,3.40
23-December-2020,798.00,827.20,792.45,824.25,814.750123382354013755,411323,10922,335125465.00,186117,45.25,34.75,26.25
22-December-2020,778.05,798.35,760.65,795.35,780.152181394952945225,270217,5669,210810382.00,53138,19.66,37.70,17.30
21-December-2020,791.90,816.75,760.00,778.05,798.187924087923275623,738644,21079,589576721.00,231154,31.29,56.75,-13.85
18-December-2020,785.00,795.70,781.50,793.90,789.942369829951493329,254398,6264,200959759.00,115585,45.43,14.20,8.90
17-December-2020,787.50,795.00,781.55,783.20,788.037413600252387644,139468,2528,109906002.00,21750,15.59,13.45,-4.30
16-December-2020,787.00,789.60,782.50,786.65,785.770254318429232847,152486,4039,119818963.00,52207,34.24,7.10,-0.35
15-December-2020,791.00,798.00,779.85,781.70,788.536128721181491865,279985,4924,220778288.00,42317,15.11,18.15,-9.30
14-December-2020,772.00,792.80,772.00,789.25,786.236454409317395854,816022,21434,641586244.00,316957,38.84,20.80,17.25
11-December-2020,766.40,766.40,753.00,755.90,759.707347205898066032,149744,4246,113761617.00,39812,26.59,13.40,-10.50
10-December-2020,767.00,767.50,755.70,762.90,762.238501539385747540,106536,2950,81205841.00,21917,20.57,11.80,-4.10
9-December-2020,765.95,773.50,759.65,762.25,767.013463233997531299,113420,3453,86994667.00,24000,21.16,13.85,-3.70
8-December-2020,779.70,779.70,758.45,765.90,767.842127129206481096,115536,2753,88713408.00,32323,27.98,21.25,-13.80
7-December-2020,767.50,782.30,767.15,772.45,774.212965578156533885,194731,4388,150763265.00,39458,20.26,15.15,4.95
4-December-2020,762.15,770.30,757.15,766.60,764.348504251787105735,147585,3623,112806374.00,33452,22.67,13.15,4.45
3-December-2020,759.95,764.85,756.35,762.00,760.459768275020961963,131190,3242,99764717.00,46958,35.79,8.50,2.05
2-December-2020,756.50,760.90,751.15,758.15,756.136714408946431763,128677,2768,97297404.00,18730,14.56,9.75,1.65
1-December-2020,750.35,759.95,746.65,755.55,754.121051014994555049,179065,4590,135036686.00,51817,28.94,13.30,5.20
27-November-2020,741.70,748.75,735.35,744.65,744.491554022172815086,264919,5338,197229958.00,88477,33.40,13.40,2.95
26-November-2020,732.10,741.00,727.00,738.05,733.620356656452162070,234960,4777,172371439.00,61144,26.02,14.00,5.95
25-November-2020,751.00,754.00,728.30,731.35,740.442237725972563223,370233,10770,274136151.00,115147,31.10,25.70,-19.65
24-November-2020,750.00,752.05,741.60,748.55,747.804561041527418558,137644,3403,102930811.00,33427,24.29,10.45,-1.45
23-November-2020,741.00,758.10,739.55,746.10,751.450743091111124084,513867,14923,386145739.00,196713,38.28,18.55,5.10
20-November-2020,742.90,748.40,732.50,739.90,739.835553161829932834,157820,3800,116760847.00,36002,22.81,15.90,-3.00
19-November-2020,743.35,751.50,738.00,741.90,744.589618913105450022,308696,8942,229851837.00,87931,28.48,13.50,-1.45
18-November-2020,745.00,751.65,733.75,743.35,740.194321960449851004,289607,5808,214365457.00,73556,25.40,17.90,-1.65
17-November-2020,748.00,751.80,734.20,742.50,742.674318905699010351,281312,8058,208923198.00,79912,28.41,17.60,-5.50
14-November-2020,750.00,750.00,743.90,746.25,746.878416094894755204,51594,1585,38534445.00,32699,63.38,6.10,-3.75
13-November-2020,741.35,750.70,740.50,744.50,745.869135665576315351,360740,8017,269064832.00,164205,45.52,10.20,3.15
12-November-2020,743.00,758.70,733.95,739.90,747.982270571016328098,289011,5338,216175104.00,46601,16.12,24.75,-3.10
11-November-2020,725.00,745.30,719.00,742.10,735.581270789314679970,806003,20344,592880711.00,212893,26.41,26.30,17.10
10-November-2020,770.00,770.00,706.45,717.70,727.821841381176842057,709424,17729,516334282.00,202575,28.55,63.55,-52.30
9-November-2020,797.00,805.00,752.40,762.60,772.595012319424220662,504082,11338,389451239.00,113156,22.45,52.60,-34.40
6-November-2020,796.50,801.85,786.60,789.90,792.739103196738897232,233050,6688,184747848.00,52118,22.36,15.25,-6.60
5-November-2020,783.05,796.15,778.05,793.85,787.593828699968214381,327192,8305,257694400.00,80452,24.59,18.10,10.80
4-November-2020,759.80,783.85,758.00,781.25,775.945536362254586090,467119,15497,362458903.00,204820,43.85,25.85,21.45
3-November-2020,751.05,770.30,751.05,759.65,759.862371757171796379,122424,2932,93025391.00,20815,17.00,19.25,8.60
2-November-2020,758.00,762.45,744.60,750.95,750.052050793135624163,73947,1829,55464099.00,20495,27.72,17.85,-7.05
30-October-2020,762.10,767.40,746.40,754.10,756.834821601643771887,77383,2108,58566149.00,12801,16.54,21.00,-8.00
29-October-2020,766.10,774.50,757.15,761.90,764.944836740945543660,127313,3357,97387422.00,28115,22.08,17.35,-4.20
28-October-2020,771.00,779.50,762.25,765.15,771.294899314668664592,217559,6678,167802147.00,77571,35.66,17.25,-5.85
27-October-2020,746.25,773.00,746.25,770.45,762.999607674769786515,135092,3479,103075143.00,25162,18.63,26.75,24.20
26-October-2020,759.35,763.95,742.50,745.05,751.354115865579434535,140663,3527,105687724.00,31508,22.40,21.45,-14.30
23-October-2020,764.00,774.40,755.10,756.85,765.338586631336011624,187184,4612,143259138.00,29015,15.50,19.30,-7.15
22-October-2020,767.00,767.00,744.15,757.35,755.422392024092328987,213844,7055,161542546.00,31262,14.62,22.85,-9.65
21-October-2020,782.80,782.80,756.70,767.55,765.644727918070219067,176932,4447,135467053.00,19850,11.22,26.10,-15.25
20-October-2020,763.85,774.30,756.45,764.05,766.497907683928652475,220330,6139,168882484.00,26913,12.21,17.85,0.20
19-October-2020,782.10,782.80,762.20,763.85,768.383339363745164073,107787,3047,82821735.00,20756,19.26,20.60,-18.25
16-October-2020,768.50,787.15,758.35,782.10,775.844806349206349206,315000,7601,244391114.00,77322,24.55,28.80,13.60
15-October-2020,776.00,787.80,762.95,768.45,776.721729007060237344,133140,3100,103412731.00,19270,14.47,24.85,-7.55
14-October-2020,789.00,794.00,766.80,781.40,780.321027041565803902,241665,6133,188576281.00,34508,14.28,27.20,-7.60
13-October-2020,810.00,829.00,778.75,788.25,809.358892933858782074,419451,10649,339486397.00,57533,13.72,50.25,-21.75
12-October-2020,806.00,819.30,800.30,814.70,809.203012211195195824,229134,5635,185415923.00,49991,21.82,19.00,8.70
9-October-2020,814.00,825.00,800.25,803.30,813.244425741608118657,327936,6435,266692124.00,26270,8.01,24.75,-10.70
8-October-2020,774.95,814.95,774.95,811.40,796.911341270264979623,561930,15845,447808390.00,195765,34.84,40.00,36.45
7-October-2020,778.20,790.20,771.30,773.65,778.414187124990137383,1356131,3775,1055631610.00,1203983,88.78,18.90,-4.55
6-October-2020,783.45,787.70,777.05,780.20,781.493689552238805970,167500,4504,130900193.00,38925,23.24,10.65,-3.25
5-October-2020,776.00,783.65,762.40,779.10,773.468530794399677907,176347,5116,136398855.00,45090,25.57,21.25,3.10
1-October-2020,771.00,781.20,765.75,773.10,772.877492320580843339,143240,3856,110706972.00,23809,16.62,15.45,2.10
30-September-2020,762.10,794.65,761.00,774.75,781.953699539244200573,400212,9427,312947254.00,37435,9.35,33.65,12.65
29-September-2020,776.05,786.00,759.65,762.25,769.307865109496722323,152242,3783,117120968.00,14056,9.23,26.35,-13.80
28-September-2020,772.00,778.00,755.75,774.65,768.141629703154564347,290151,7865,222877062.00,34034,11.73,22.25,2.65
25-September-2020,744.00,776.60,740.55,770.20,760.367064980005971173,425377,8883,323442661.00,25502,6.00,36.05,26.20
24-September-2020,765.80,766.25,729.65,732.80,749.984713083897999934,244392,5563,183290264.00,37226,15.23,36.60,-33.00
23-September-2020,785.00,785.00,762.05,766.90,768.854282357322858486,746423,6662,573890520.00,92636,12.41,22.95,-18.10
22-September-2020,779.90,787.65,755.05,778.20,774.281783081658119262,561769,11628,434967503.00,54767,9.75,32.60,-1.70
21-September-2020,806.85,811.40,762.10,767.70,787.646713482868628206,506235,13306,398734334.00,85575,16.90,49.30,-39.15
18-September-2020,776.25,819.00,775.95,806.85,798.803175359834277384,1481029,41364,1183050668.00,456860,30.85,43.05,30.60
17-September-2020,753.00,761.55,746.65,752.05,753.999160484748067896,451451,6993,340393675.00,186007,41.20,14.90,-0.95
16-September-2020,749.00,756.20,732.25,752.70,743.147571150749670646,191284,4143,142152240.00,20873,10.91,23.95,3.70
15-September-2020,720.00,753.25,720.00,742.30,745.226555584581064801,532099,12788,396534305.00,119316,22.42,33.25,22.30
14-September-2020,726.50,730.35,717.95,721.75,722.719108415995040297,103232,2341,74607739.00,18395,17.82,12.40,-4.75
11-September-2020,728.95,731.00,720.35,725.50,724.603003130221939796,84978,2445,61575314.00,16294,19.17,10.65,-3.45
10-September-2020,729.90,735.60,719.30,727.35,726.759309576679412870,140957,3847,102441812.00,28616,20.30,16.30,-2.55
9-September-2020,701.50,734.80,701.50,727.80,719.547097443183445715,349106,8148,251198209.00,71704,20.54,33.30,26.30
8-September-2020,721.90,726.55,704.55,708.35,715.625024428757924689,127923,2621,91544900.00,22231,17.38,22.00,-13.55
7-September-2020,725.75,733.80,707.15,716.65,715.216749065476908235,232204,5678,166076190.00,37777,16.27,26.65,-9.10
4-September-2020,729.00,750.00,717.05,724.70,736.483312712793228685,325727,7940,239892500.00,61166,18.78,32.95,-4.30
3-September-2020,740.00,745.85,735.00,738.60,739.561782604980584644,105329,1891,77897303.00,14543,13.81,10.85,-1.40
2-September-2020,730.25,748.35,729.70,737.90,739.155780691299165673,201360,5898,148836408.00,41666,20.69,18.65,7.65
1-September-2020,710.10,740.90,710.10,737.25,725.044242292714097973,165882,3915,120271789.00,20981,12.65,30.80,27.15
31-August-2020,750.10,755.35,706.30,712.10,729.909851466659005372,348070,11910,254059722.00,100688,28.93,49.05,-38.00
28-August-2020,760.00,771.00,747.10,748.80,758.702676117193892091,217554,4800,165058802.00,49147,22.59,23.90,-11.20
27-August-2020,749.65,763.70,749.65,756.05,756.223293588519842746,185433,3536,140228754.00,38089,20.54,14.05,6.40
26-August-2020,753.65,753.80,744.80,747.95,748.432629177824060299,100830,1890,75464462.00,32686,32.42,9.00,-5.70
25-August-2020,755.00,757.50,745.40,747.50,749.397738050703033188,264639,6348,198319868.00,151257,57.16,12.10,-7.50
24-August-2020,764.00,766.05,750.40,751.95,754.855602850679833629,205565,6357,155171892.00,46760,22.75,15.65,-12.05
21-August-2020,769.95,770.75,759.10,761.15,764.800627639861994097,160283,2949,122584539.00,30080,18.77,11.65,-8.80
20-August-2020,758.45,771.60,758.45,762.65,764.464104605958049228,361662,7237,276477617.00,85401,23.61,13.15,4.20
19-August-2020,773.00,773.00,757.00,758.45,763.058391398593460293,184993,3729,141160461.00,40853,22.08,16.00,-14.55
18-August-2020,776.70,779.80,763.10,764.65,769.567929600181092781,176705,3535,135986501.00,22945,12.98,16.70,-12.05
17-August-2020,779.95,780.40,765.45,771.45,772.213881472505376415,300386,6209,231962239.00,54795,18.24,14.95,-8.50
14-August-2020,762.00,787.55,753.30,771.80,774.431426632819312338,723641,15391,560410332.00,138065,19.08,34.25,9.80
13-August-2020,766.00,782.95,754.50,760.40,767.978210240304880200,566780,11271,435274690.00,70915,12.51,28.45,-5.60
12-August-2020,776.00,776.95,755.50,762.20,762.633572496172075480,328507,8347,250530467.00,68016,20.70,21.45,-13.80
11-August-2020,800.00,802.60,768.90,778.70,781.386254827568606767,587770,13029,459275399.00,106678,18.15,33.70,-21.30
10-August-2020,763.40,814.45,751.55,795.65,792.259956258994669166,1853181,33507,1468201098.00,167997,9.07,62.90,32.25
7-August-2020,739.00,739.60,724.75,728.60,730.713209042473890288,254886,6363,186248567.00,79596,31.23,14.85,-10.40
6-August-2020,728.45,739.20,719.90,731.70,732.392635458813077043,416455,11640,305008575.00,147668,35.46,19.30,3.25
5-August-2020,719.30,729.90,716.00,722.55,722.271129232445425392,178059,3650,128606875.00,34044,19.12,13.90,3.25
4-August-2020,709.80,718.50,703.50,713.85,711.639099294862127232,324901,6927,231212255.00,99511,30.63,15.00,4.05
3-August-2020,725.00,734.00,700.90,710.55,717.089325724743272759,638226,13856,457665052.00,171257,26.83,33.10,-14.45
31-July-2020,688.70,723.95,687.95,720.30,712.438050856387299839,588402,12591,419199974.00,85766,14.58,36.00,31.60
30-July-2020,681.00,699.00,681.00,685.95,690.791764963941500624,223387,4862,154313900.00,47739,21.37,18.00,4.95
29-July-2020,663.90,685.50,663.65,681.25,676.825670347303504010,393863,10312,266576589.00,138190,35.09,21.85,17.35
28-July-2020,651.90,665.70,644.65,662.70,657.692368677498031745,181633,3047,119458638.00,29566,16.28,21.05,10.80
27-July-2020,678.80,678.80,650.55,652.65,655.892486124697162531,285219,5559,187072999.00,108814,38.15,28.25,-26.15
24-July-2020,672.50,680.65,658.50,665.50,668.430950921954208679,341069,6110,227981076.00,54132,15.87,22.15,-7.00
23-July-2020,661.75,673.95,661.75,671.55,669.736503385850886446,235096,5605,157452373.00,72947,31.03,12.20,9.80
22-July-2020,664.20,677.45,658.00,661.80,668.818462111843331243,295145,4593,197398425.00,39652,13.43,19.45,-2.40
21-July-2020,677.20,682.00,660.00,661.40,665.116672963102883767,269994,4354,179577511.00,150131,55.61,22.00,-15.80
20-July-2020,691.40,691.40,672.85,674.30,678.072587854184606552,243870,4516,165361562.00,41822,17.15,18.55,-17.10
17-July-2020,675.80,696.20,669.55,689.00,686.360945381756507077,798323,12485,547937729.00,348884,43.70,26.65,13.20
16-July-2020,640.00,677.00,636.25,674.50,660.723755315197989591,611219,13383,403846913.00,152824,25.00,40.75,34.50
15-July-2020,634.90,643.25,633.25,638.15,637.987061683629321356,242690,3415,154833080.00,102569,42.26,10.00,3.25
14-July-2020,640.00,644.00,631.45,632.20,638.309811729687177627,499229,7937,318662769.00,306046,61.30,12.55,-7.80
13-July-2020,641.90,645.90,636.75,638.15,640.968165604832890043,97002,2051,62175194.00,23095,23.81,9.15,-3.75
10-July-2020,642.50,647.20,636.90,638.65,642.414028543071289229,175314,4035,112624173.00,46847,26.72,10.30,-3.85
9-July-2020,645.20,645.20,636.50,638.80,639.451327466160825227,272022,7714,173944829.00,88971,32.71,8.70,-6.40
8-July-2020,644.00,648.00,632.60,634.45,640.120418692625345361,201962,4694,129280000.00,50418,24.96,15.40,-9.55
7-July-2020,637.00,642.50,635.40,636.40,638.965392354124748490,111825,2379,71452305.00,26624,23.81,7.10,-0.60
6-July-2020,639.10,644.00,629.80,634.60,635.951205565966739954,271076,9278,172391109.00,87922,32.43,14.20,-4.50
3-July-2020,652.65,652.65,635.65,638.85,641.286729160805176867,156388,3856,100289549.00,42307,27.05,17.00,-13.80
2-July-2020,631.90,654.45,625.70,645.80,637.837280255220648464,301543,10686,192335367.00,127763,42.37,28.75,13.90
1-July-2020,643.75,643.75,621.50,627.10,628.259000162408945725,166247,4100,104446174.00,35115,21.12,22.25,-16.65
30-June-2020,645.00,649.35,638.00,640.05,643.007404427273614739,338041,7020,217362866.00,75284,22.27,11.35,-4.95
29-June-2020,638.40,648.00,636.30,645.05,643.716644007690852373,227283,4934,146305850.00,40051,17.62,11.70,6.65
26-June-2020,640.00,643.35,631.60,634.70,636.666888527588659689,196820,5687,125308777.00,52659,26.75,11.75,-5.30
25-June-2020,632.00,642.00,628.50,635.10,634.365801849819720959,255160,7050,161864778.00,61923,24.27,13.50,3.10
24-June-2020,661.00,661.00,628.10,631.65,644.319690099396414522,233107,5971,150195430.00,86891,37.28,32.90,-29.35
23-June-2020,675.80,675.80,655.60,659.70,662.275666551383869504,315167,7486,208727435.00,81446,25.84,20.20,-16.10
22-June-2020,696.00,696.00,652.00,655.80,667.866478498859346847,1313721,30686,877390218.00,322238,24.53,44.00,-40.20
19-June-2020,652.50,652.50,632.00,637.10,639.592684995406035762,282980,5892,180991938.00,149780,52.93,20.50,-15.40
18-June-2020,638.00,644.40,636.75,641.55,639.459606176116990066,243713,5803,155844619.00,172501,70.78,7.65,3.55
17-June-2020,635.15,643.80,635.15,640.50,639.237832313110328508,90013,2379,57539715.00,22285,24.76,8.65,5.35
16-June-2020,646.55,649.50,632.80,637.85,641.681335621418806899,68762,1767,44123292.00,14735,21.43,16.70,-8.70
15-June-2020,643.00,653.15,637.35,643.35,644.427415604947456523,204307,5953,131661032.00,79508,38.92,15.80,0.35
12-June-2020,625.00,645.00,618.85,643.65,633.815069704904111527,169572,3861,107477289.00,21350,12.59,26.15,18.65
11-June-2020,644.90,646.90,633.20,634.95,639.695015154734876021,89411,2120,57195771.00,16129,18.04,13.70,-9.95
10-June-2020,646.60,650.50,639.80,642.50,645.624542027009755889,187784,4031,121237959.00,66559,35.44,10.70,-4.10
9-June-2020,638.60,654.00,637.10,639.90,646.810079554320798605,274278,5813,177405775.00,45486,16.58,16.90,1.30
8-June-2020,655.00,657.70,633.50,635.25,640.406202878966406565,242726,4542,155443236.00,68089,28.05,24.20,-19.75
5-June-2020,663.00,669.65,649.05,651.10,657.393429367194753077,166955,4135,109755120.00,37141,22.25,20.60,-11.90
4-June-2020,644.00,665.00,644.00,660.90,655.621027350724454486,316445,6476,207467996.00,72093,22.78,21.00,16.90
3-June-2020,646.10,649.40,635.45,641.45,644.050999689617712482,154648,3187,99601199.00,33248,21.50,13.95,-4.65
2-June-2020,648.95,658.25,636.25,637.45,646.121492634200625298,301936,5983,195087339.00,85645,28.37,22.00,-11.50
1-June-2020,651.00,652.25,634.80,642.05,641.874669390340176711,224207,4973,143912794.00,48869,21.80,17.45,-8.95
29-May-2020,635.00,651.00,632.05,647.60,645.470280089290854083,781715,7686,504573800.00,80805,10.34,18.95,12.60
28-May-2020,635.90,637.45,626.35,628.30,631.129791876468613628,119160,2631,75205426.00,25007,20.99,11.10,-7.60
27-May-2020,631.70,637.50,625.90,632.90,632.583834883204657013,162164,4070,102582325.00,22973,14.17,11.60,1.20
26-May-2020,640.00,646.80,624.25,627.85,635.066502938062571090,254079,6610,161357062.00,67600,26.61,22.55,-12.15
22-May-2020,617.95,641.80,610.05,639.00,629.480914023920839670,319554,7697,201153144.00,66983,20.96,31.75,21.05
21-May-2020,620.15,626.60,612.70,616.45,619.079174299201752414,209083,5017,129438931.00,32264,15.43,13.90,-3.70
20-May-2020,595.00,623.95,595.00,620.35,612.934333389347171259,398711,11217,244383661.00,83850,21.03,28.95,25.35
19-May-2020,604.00,608.70,590.60,594.80,599.806732608039235421,327867,8718,196656834.00,62890,19.18,18.10,-9.20
18-May-2020,570.45,604.60,570.45,600.60,590.621856037134958811,647153,18054,382222706.00,128066,19.79,34.15,30.15
15-May-2020,571.00,585.00,565.90,570.20,573.742473188468194204,360013,8314,206554749.00,34443,9.57,19.10,-0.80
14-May-2020,572.00,577.80,566.10,569.60,571.599743734303726103,195110,4885,111524826.00,35936,18.42,11.70,-2.40
13-May-2020,603.50,603.50,569.10,570.20,577.108688686939298613,343320,9145,198132955.00,89663,26.12,34.40,-33.30
12-May-2020,584.70,593.60,566.25,570.00,576.269773187806041529,245269,5754,141341111.00,41141,16.77,27.35,-14.70
11-May-2020,600.00,600.70,583.85,586.10,590.467886764435249995,157583,4423,93047701.00,25283,16.04,16.85,-13.90
8-May-2020,595.40,601.00,589.55,591.85,594.191596044677764933,135817,3633,80701320.00,20739,15.27,11.45,-3.55
7-May-2020,598.90,601.80,587.25,589.40,594.844306176389107272,133557,3415,79445621.00,21370,16.00,14.55,-9.50
6-May-2020,597.00,605.90,590.00,592.05,596.040959658147526846,233083,4848,138927015.00,63653,27.31,15.90,-4.95
5-May-2020,623.00,623.00,595.60,597.05,607.976082468626066170,294512,7645,179056252.00,53704,18.23,27.40,-25.95
4-May-2020,593.70,616.50,580.70,612.00,607.767891793762017480,679739,15034,413123539.00,124589,18.33,35.80,18.30
